journal,issn,tier,field,note
Nature,0028-0836,S+,综合顶刊,
Science,0036-8075,S+,综合顶刊,
Cell,0092-8674,S+,综合顶刊,
The New England Journal of Medicine,0028-4793,S+,综合医学,
The Lancet,0140-6736,S+,综合医学,
JAMA,0098-7484,S+,综合医学,
BMJ,0959-8138,S+,综合医学,
Proceedings of the National Academy of Sciences,0027-8424,S+,综合顶刊,
Nature Medicine,1078-8956,S+,转化医学,
Nature Human Behaviour,2397-3374,S+,行为科学,
Nature Sustainability,2398-9629,S+,可持续发展,注意与 Sustainability 区分
Science Advances,2375-2548,S+,综合顶刊,
The Lancet Public Health,2468-2667,S+,公共卫生,
The Lancet Global Health,2214-109X,S+,全球健康,
The Lancet Planetary Health,2542-5196,S+,环境健康,
The Lancet Digital Health,2589-7500,S+,数字健康,
The Lancet Healthy Longevity,2666-7568,S+,老年健康,
The Lancet Regional Health - Western Pacific,2666-6065,S+,区域健康,
The Lancet Regional Health - Europe,2666-7762,S+,区域健康,
The Lancet Regional Health - Americas,2667-193X,S+,区域健康,
The Lancet Regional Health - Southeast Asia,2772-3682,S+,区域健康,
JAMA Internal Medicine,2168-6106,S+,临床医学,
JAMA Network Open,2574-3805,S+,综合医学,
JAMA Health Forum,2689-0186,S,卫生政策,
JAMA Pediatrics,2168-6203,S+,临床医学,
JAMA Psychiatry,2168-622X,S+,精神卫生,
Nature Communications,2041-1723,S,综合顶刊,
Nature Health,2948-1198,S,综合健康,
eClinicalMedicine,2589-5370,S,临床医学,
PLOS Medicine,1549-1676,S,公共卫生,
Health Affairs,0278-2715,S,卫生政策,卫生政策第一刊
Milbank Quarterly,0887-378X,S,卫生政策,
Health Affairs Scholar,2976-5390,S,卫生政策,
Health Policy,0168-8510,S,卫生政策,
Health Policy and Planning,0268-1080,S,卫生政策,
Social Science & Medicine,0277-9536,S,卫生社会科学,
Journal of Health Economics,0167-6296,S,卫生经济,
Health Economics,1057-9230,W,卫生经济,Q2 IF2.0 但卫生经济老牌
Medical Care,0025-7079,W,卫生服务,Q3 IF1.9 但卫生服务研究老牌
Health Services Research,0017-9124,S,卫生服务,
Health Services and Outcomes Research Methodology,1387-3741,B,卫生服务方法,
Medical Care Research and Review,1077-5587,S,卫生服务,
Health Systems & Reform,2328-8604,A,卫生体系,
International Journal of Health Policy and Management,2322-5939,A,卫生政策,
Journal of Health Services Research and Policy,1355-8196,A,卫生政策,
Health Economics Policy and Law,1744-1331,A,卫生政策,
European Journal of Health Economics,1618-7598,A,卫生经济,
Value in Health,1098-3015,S,卫生经济,
Pharmacoeconomics,1170-7690,A,卫生经济,
Medical Decision Making,0272-989X,A,决策科学,
Cost Effectiveness and Resource Allocation,1478-7547,B,卫生经济,
Implement Science,1748-5908,S,实施科学,
Implementation Science,1748-5908,S,实施科学,
BMJ Global Health,2059-7908,A,全球健康,
BMJ Quality & Safety,2044-5415,S,医疗质量,
BMJ Open,2044-6055,B,综合医学,
BMC Medicine,1741-7015,A,综合医学,
BMC Health Services Research,1472-6963,B,卫生服务,
BMC Public Health,1471-2458,B,公共卫生,
American Journal of Public Health,0090-0036,S,公共卫生,
Bulletin of the World Health Organization,0042-9686,S,全球健康,
International Journal of Epidemiology,0300-5771,S,流行病学,
American Journal of Epidemiology,0002-9262,A,流行病学,
Epidemiology,1044-3983,S,流行病学,
European Journal of Epidemiology,0393-2990,A,流行病学,
International Journal for Equity in Health,1475-9276,A,健康公平,
Journal of Epidemiology and Community Health,0143-005X,A,流行病学,
Preventive Medicine,0091-7435,A,预防医学,
American Journal of Preventive Medicine,0749-3797,S,预防医学,
European Journal of Public Health,1101-1262,A,公共卫生,
Public Health,0033-3506,B,公共卫生,
Journal of Public Health,1741-3842,B,公共卫生,
SSM - Population Health,2352-8273,B,人口健康,
Global Health Action,1654-9880,B,全球健康,
PLOS Global Public Health,2767-3375,B,全球健康,
Health Promotion International,0957-4824,B,健康促进,
Health Education & Behavior,1090-1981,B,健康教育,
Environmental Health Perspectives,0091-6765,S,环境健康,
Environmental Research,0013-9351,A,环境卫生,
Science of the Total Environment,0048-9697,A,环境科学,
Health Security,2326-5094,B,卫生安全,
Health Care Management Review,0361-6274,A,医院管理,
Journal of Healthcare Management,1096-9012,B,医院管理,
Medical Care Research and Review,1077-5587,S,卫生服务,
Inquiry,0046-9580,B,卫生服务,
Journal of General Internal Medicine,0884-8734,A,临床医学,
International Journal for Quality in Health Care,1353-4505,A,医疗质量,
Health Information Journal,1460-4582,B,卫生信息,
Journal of Medical Internet Research,1438-8871,A,数字健康,
Journal of the American Medical Informatics Association,1067-5027,S,医学信息学,
International Journal of Medical Informatics,1386-5056,A,医学信息学,
Artificial Intelligence in Medicine,0933-3657,A,医学AI,
The Lancet Regional Health - Western Pacific,2666-6065,S+,区域健康,
Research Policy,0048-7333,S,科技政策,
Scientometrics,0138-9130,A,文献计量,
Journal of Informetrics,1751-1577,A,文献计量,
Journal of the Association for Information Science and Technology,2330-1635,A,信息科学,
Quantitative Science Studies,2641-3337,A,科学学,
Technological Forecasting and Social Change,0040-1625,S,技术预测,
Technovation,0166-4972,A,创新管理,
Computers in Human Behavior,0747-5632,S,人机行为,
Information & Management,0378-7206,A,信息管理,
International Journal of Information Management,0268-4012,S,信息管理,
MIS Quarterly,0276-7783,S,信息系统,
Journal of Business Ethics,0167-4544,A,商业伦理,ESG 主阵地
Business Strategy and the Environment,0964-4733,A,环境与战略,ESG
Corporate Social Responsibility and Environmental Management,1535-3958,B,CSR,ESG
Journal of Cleaner Production,0959-6526,A,清洁生产,ESG/供应链
Supply Chain Management,1359-8546,A,供应链管理,
International Journal of Production Economics,0925-5273,A,生产经济,供应链
Journal of Operations Management,0272-6963,A,运营管理,
Production and Operations Management,1059-1478,A,运营管理,
Management Science,0025-1909,S,管理科学,
Academy of Management Journal,0001-4273,S+,管理学顶刊,
Administrative Science Quarterly,0001-8392,S+,管理学顶刊,
American Economic Review,0002-8282,S+,经济学顶刊,
Journal of Political Economy,0022-3808,S+,经济学顶刊,
Quarterly Journal of Economics,0033-5533,S+,经济学顶刊,
The Review of Economic Studies,0034-6527,S+,经济学顶刊,
Econometrica,0012-9682,S+,计量经济顶刊,
Journal of Econometrics,0304-4076,A,计量方法,DID/双重机器学习方法阵地
Journal of Business & Economic Statistics,0735-0015,A,经济统计,
The Review of Economics and Statistics,0034-6535,A,经济统计,
Journal of Applied Econometrics,0883-7252,A,应用计量,
Health Economics,1057-9230,W,卫生经济,
American Journal of Health Economics,2332-0885,A,卫生经济,
Journal of Health Politics Policy and Law,0361-6878,A,卫生政治,
Medical Care,0025-7079,W,卫生服务,
The Milbank Quarterly,0887-378X,S,卫生政策,
Health Services Research,0017-9124,S,卫生服务,
Health Expectations,1369-6513,B,患者体验,
Patient Education and Counseling,0738-3991,A,患者沟通,
Social Science & Medicine - Population Health,2352-8273,B,人口健康,
Journal of Health Organization and Management,1477-7266,B,卫生组织管理,
BMC Health Services Research,1472-6963,B,卫生服务,
Health Research Policy and Systems,1478-4505,B,卫生体系研究,
Globalization and Health,1744-8603,B,全球健康,
Archives of Public Health,0778-7367,B,公共卫生,
Frontiers in Public Health,2296-2565,B,公共卫生,
International Journal of Environmental Research and Public Health,1660-4601,B,环境卫生,
Vaccine,0264-410X,A,疫苗,
The Lancet Infectious Diseases,1473-3099,S+,感染病,
The Lancet Psychiatry,2215-0366,S+,精神卫生,
The Lancet Oncology,1470-2045,S+,肿瘤,
The Lancet Respiratory Medicine,2213-2600,S+,呼吸,
The Lancet Neurology,1474-4422,S+,神经,
The Lancet Diabetes and Endocrinology,2213-8587,S+,内分泌,
The Lancet Child & Adolescent Health,2352-4642,S+,儿少健康,
The Lancet HIV,2352-3018,S+,艾滋病,
The Lancet Microbe,2666-5247,S+,微生物,
The Lancet Gastroenterology & Hepatology,2468-1253,S+,消化,
eBioMedicine,2352-3964,S,转化医学,
Annual Review of Public Health,0163-7525,S+,公卫综述,
Annual Review of Economics,1941-1383,S+,经济综述,
Psychological Bulletin,0033-2909,S+,心理学顶刊,
Psychological Science,0956-7976,S,心理学,
American Psychologist,0003-066X,S+,心理学,
Journal of Personality and Social Psychology,0022-3514,S+,人格社会心理,
IEEE Transactions on Affective Computing,1949-3045,A,情感计算,多模态情感分析
IEEE Transactions on Multimedia,1520-9210,A,多媒体,多模态
Information Fusion,1566-2535,A,信息融合,多模态融合
Expert Systems with Applications,0957-4174,A,专家系统,
Knowledge-Based Systems,0950-7051,A,知识系统,
Pattern Recognition,0031-3203,A,模式识别,
Medical Image Analysis,1361-8415,A,医学影像,
Nature Machine Intelligence,2522-5839,S+,AI,
Nature Computational Science,2662-8457,S+,计算科学,
